enola,5,,1624189484593,1624189484707,1624189484903,1624189485083,1624189485283,1624189487101,1624189487295,1624189487380,1624189487590,1624189487769,1624189489641,1624189489771,1624189489967,1624189490152,1624189490337,1624189492033,1624189492218,1624189492364,1624189492565,1624189492768,1624189494598,1624189494775,1624189494966,1624189495180,1624189495430,1624189497129,1624189497287,1624189497482,1624189497677,1624189497862
enita,5,,1624767536735,1624767536842,1624767537027,1624767537232,1624767537472,1624767539229,1624767539319,1624767539514,1624767539709,1624767539908,1624767541727,1624767541897,1624767542077,1624767542282,1624767542447,1624767544354,1624767544458,1624767544644,1624767544858,1624767545064,1624767546872,1624767547008,1624767547195,1624767547407,1624767547607,1624767549629,1624767549749,1624767549941,1624767550154,1624767550379
veena,5,,1625716014094,1625716014356,1625716014565,1625716014841,1625716015061,1625716017217,1625716017417,1625716017602,1625716017752,1625716017962,1625716019694,1625716019902,1625716020260,1625716020475,1625716020685,1625716022707,1625716022882,1625716023058,1625716023218,1625716023403,1625716025467,1625716025706,1625716025901,1625716026051,1625716026232,1625716027645,1625716027889,1625716028078,1625716028229,1625716028408
enola,5,,1625751073950,1625751074084,1625751074255,1625751074445,1625751074621,1625751076192,1625751076345,1625751076505,1625751076697,1625751076857,1625751078173,1625751078428,1625751078583,1625751078772,1625751078953,1625751080705,1625751080895,1625751081049,1625751081230,1625751081390,1625751083132,1625751083286,1625751083446,1625751083632,1625751083798,1625751085598,1625751085772,1625751085928,1625751086127,1625751086283
andrea,6,,1625810863066,1625810863210,1625810863448,1625810863619,1625810863762,1625810863921,1625810865612,1625810865948,1625810866183,1625810866358,1625810866508,1625810866654,1625810868366,1625810868700,1625810868935,1625810869105,1625810869260,1625810869422,1625810871046,1625810871437,1625810871679,1625810871853,1625810871997,1625810872143,1625810873650,1625810874015,1625810874244,1625810874404,1625810874535,1625810874707,1625810876406,1625810876759,1625810876988,1625810877146,1625810877288,1625810877427
dheeraj,7,,1625810928718,1625810928951,1625810929126,1625810929307,1625810929427,1625810929652,1625810929768,1625810931720,1625810931973,1625810932150,1625810932339,1625810932439,1625810932644,1625810932741,1625810935008,1625810935253,1625810935459,1625810935652,1625810935769,1625810935948,1625810936165,1625810938140,1625810938385,1625810938587,1625810938790,1625810938896,1625810939098,1625810939287,1625810941425,1625810941838,1625810942048,1625810942239,1625810942344,1625810942590,1625810942830,1625810944641,1625810944906,1625810945096,1625810945297,1625810945416,1625810945617,1625810945917
joylin,6,,1625810978673,1625810979427,1625810979643,1625810979903,1625810980113,1625810980234,1625810982291,1625810982355,1625810982586,1625810982845,1625810983138,1625810983206,1625810985303,1625810985373,1625810985634,1625810985989,1625810986269,1625810986389,1625810988822,1625810988906,1625810989091,1625810989361,1625810989678,1625810989753,1625810991659,1625810991740,1625810991889,1625810992171,1625810992438,1625810992555,1625810995448,1625810995547,1625810995703,1625810995956,1625810996269,1625810996332
mark,5,,1625811035373,1625811035578,1625811035688,1625811036090,1625811036226,1625811038102,1625811038282,1625811038401,1625811038882,1625811039047,1625811041119,1625811041324,1625811041445,1625811041887,1625811042037,1625811044467,1625811044653,1625811044778,1625811045299,1625811045457,1625811048395,1625811048620,1625811048715,1625811049280,1625811049441,1625811053156,1625811053391,1625811053480,1625811054110,1625811054285
luke,4,,1625811090609,1625811090845,1625811091064,1625811091255,1625811092956,1625811093177,1625811093366,1625811093502,1625811095449,1625811095668,1625811095853,1625811096010,1625811097658,1625811097858,1625811098042,1625811098212,1625811100427,1625811100632,1625811100830,1625811101014,1625811103348,1625811103547,1625811103742,1625811103930
matthew,7,,1625811170696,1625811170840,1625811171062,1625811171214,1625811171420,1625811171590,1625811172015,1625811173531,1625811173676,1625811173817,1625811174171,1625811173967,1625811174335,1625811174588,1625811176735,1625811176916,1625811177064,1625811177210,1625811177421,1625811177586,1625811177810,1625811180028,1625811180203,1625811180348,1625811180503,1625811180724,1625811180883,1625811181149,1625811183186,1625811183326,1625811183490,1625811183655,1625811183856,1625811184026,1625811184257,1625811186224,1625811186345,1625811186525,1625811186670,1625811186864,1625811187045,1625811187265
john,4,,1625811220532,1625811220626,1625811220785,1625811221013,1625811223551,1625811223674,1625811223804,1625811223979,1625811227032,1625811227141,1625811227287,1625811227452,1625811229734,1625811229854,1625811229985,1625811230199,1625811232977,1625811233072,1625811233211,1625811233417,1625811235765,1625811235832,1625811236015,1625811236229
judas,5,,1625811293931,1625811294091,1625811294379,1625811294529,1625811294560,1625811296587,1625811296748,1625811296967,1625811297132,1625811297167,1625811301027,1625811301196,1625811301463,1625811301660,1625811301670,1625811304229,1625811304389,1625811304599,1625811304759,1625811304804,1625811307001,1625811307147,1625811307371,1625811307531,1625811307566,1625811309330,1625811309488,1625811309703,1625811309873,1625811309903
lesni,5,,1625811342081,1625811342279,1625811342524,1625811342673,1625811342739,1625811344856,1625811345072,1625811345367,1625811345449,1625811345501,1625811347506,1625811347674,1625811347929,1625811348033,1625811348094,1625811350340,1625811350486,1625811350750,1625811350952,1625811350998,1625811354876,1625811355076,1625811355340,1625811355422,1625811355471,1625811357242,1625811357405,1625811357683,1625811357818,1625811357867
mohammad,8,,1625811466937,1625811467137,1625811467390,1625811467586,1625811467747,1625811467917,1625811468122,1625811468228,1625811470608,1625811470819,1625811471054,1625811472027,1625811472547,1625811472726,1625811472906,1625811473036,1625811477315,1625811477506,1625811477736,1625811477906,1625811478048,1625811478207,1625811478371,1625811478492,1625811481374,1625811481579,1625811481804,1625811481979,1625811482114,1625811482276,1625811482430,1625811482565,1625811484644,1625811484858,1625811485076,1625811485240,1625811485357,1625811485527,1625811485713,1625811485814,1625811488405,1625811488605,1625811488840,1625811489010,1625811489136,1625811489297,1625811489527,1625811489619
ashir,5,,1625811625120,1625811625370,1625811625579,1625811625634,1625811625774,1625811627305,1625811627551,1625811627696,1625811627780,1625811627882,1625811629638,1625811629891,1625811630038,1625811630119,1625811630243,1625811631990,1625811632235,1625811632386,1625811632469,1625811632589,1625811634353,1625811634598,1625811634787,1625811634865,1625811634947,1625811636940,1625811637179,1625811637402,1625811637485,1625811637611
jayasurya,9,,1625811670008,1625811670238,1625811670482,1625811670689,1625811671023,1625811671150,1625811671406,1625811671630,1625811671825,1625811673835,1625811674008,1625811674194,1625811674351,1625811674683,1625811674826,1625811675082,1625811675294,1625811675482,1625811677460,1625811677665,1625811677844,1625811678026,1625811678290,1625811678407,1625811678656,1625811678863,1625811679055,1625811681007,1625811681207,1625811681343,1625811681508,1625811681755,1625811681867,1625811682108,1625811682313,1625811682503,1625811684626,1625811684821,1625811684998,1625811685177,1625811685433,1625811685557,1625811685787,1625811686002,1625811686170,1625811688089,1625811688295,1625811688470,1625811688649,1625811688985,1625811689111,1625811689384,1625811689613,1625811689821
deep,4,,1625811761480,1625811761620,1625811761856,1625811761913,1625811763866,1625811764066,1625811764276,1625811764376,1625811766409,1625811766628,1625811767128,1625811767204,1625811768760,1625811769032,1625811769532,1625811769736,1625811771565,1625811771823,1625811772049,1625811772079,1625811773886,1625811774265,1625811774466,1625811774536
peter,5,,1625811801113,1625811801326,1625811801508,1625811801667,1625811801752,1625811803674,1625811803865,1625811804041,1625811804164,1625811804274,1625811806404,1625811806592,1625811806766,1625811806927,1625811807017,1625811809140,1625811809309,1625811809474,1625811809624,1625811809719,1625811812292,1625811812443,1625811812637,1625811812770,1625811812899,1625811815025,1625811815191,1625811815345,1625811815485,1625811815607
paul,4,,1625811842078,1625811842247,1625811842362,1625811842593,1625811844344,1625811844547,1625811844601,1625811844823,1625811846968,1625811847169,1625811847257,1625811847467,1625811849651,1625811849840,1625811849915,1625811850155,1625811852732,1625811852922,1625811852992,1625811853202,1625811855418,1625811855610,1625811855694,1625811855924
aloysius,4,,1625812127627,1625812127916,1625812128071,1625812128252,1625812129633,1625812129908,1625812130070,1625812130257,1625812131951,1625812132181,1625812132331,1625812132514,1625812134468,1625812134626,1625812134780,1625812134973,1625812136871,1625812136625,1625812137026,1625812137216,1625812139232,1625812139462,1625812139612,1625812139834
rohit,5,,1625812171707,1625812171855,1625812172015,1625812172133,1625812172313,1625812174519,1625812174774,1625812174965,1625812175105,1625812175264,1625812177382,1625812177603,1625812177800,1625812177933,1625812178068,1625812180550,1625812180771,1625812180951,1625812181072,1625812181176,1625812183629,1625812183894,1625812184069,1625812184164,1625812184299,1625812186567,1625812186782,1625812186962,1625812187071,1625812187191
shridevi,8,,1625812227332,1625812227605,1625812228210,1625812228551,1625812228791,1625812229038,1625812229282,1625812229348,1625812230928,1625812231220,1625812231465,1625812231667,1625812231854,1625812232118,1625812232350,1625812232414,1625812234672,1625812234924,1625812235117,1625812235352,1625812235558,1625812235784,1625812236084,1625812236158,1625812237860,1625812238119,1625812238340,1625812238572,1625812238805,1625812239026,1625812239334,1625812239398,1625812241190,1625812241518,1625812241714,1625812241919,1625812242119,1625812242385,1625812242685,1625812242759,1625812244637,1625812244952,1625812245138,1625812245373,1625812245543,1625812245818,1625812246114,1625812246183
sjec,4,,1625824784688,1625824784827,1625824785008,1625824785087,1625824786544,1625824786789,1625824786980,1625824787064,1625824788971,1625824789161,1625824789327,1625824789411,1625824791649,1625824791847,1625824791983,1625824792079,1625824793779,1625824793965,1625824794055,1625824794144,1625824795981,1625824796157,1625824796261,1625824796341
enita,5,,1628267977232,1628267977569,1628267977786,1628267978103,1628267978525,1628267979621,1628267979912,1628267980152,1628267980442,1628267980812,1628267982107,1628267982397,1628267982643,1628267982935,1628267983318,1628267984699,1628267985016,1628267985265,1628267985557,1628267985926,1628267987212,1628267987521,1628267987736,1628267988057,1628267988447,1628267989838,1628267990163,1628267990381,1628267990669,1628267991050
iggith,6,,1628274110153,1628274110313,1628274110533,1628274111008,1628274111223,1628274111344,1628274113030,1628274113276,1628274113456,1628274113621,1628274113817,1628274113892,1628274115493,1628274115733,1628274115913,1628274116093,1628274116314,1628274116379,1628274118396,1628274118631,1628274118807,1628274119247,1628274119492,1628274119558,1628274121309,1628274121544,1628274121729,1628274121934,1628274122170,1628274122245,1628274123852,1628274124107,1628274124292,1628274124492,1628274124732,1628274124838
coelho,6,,1628278283318,1628278283498,1628278283664,1628278283808,1628278283980,1628278284073,1628278285632,1628278285795,1628278285965,1628278286100,1628278286290,1628278286376,1628278288012,1628278288152,1628278288367,1628278288503,1628278288719,1628278288833,1628278290330,1628278290510,1628278290696,1628278290852,1628278291035,1628278291150,1628278292703,1628278292842,1628278293017,1628278293167,1628278293332,1628278293457,1628278295094,1628278295284,1628278295784,1628278295999,1628278296255,1628278296365
chill,5,,1628308500275,1628308500440,1628308500632,1628308500785,1628308500962,1628308502962,1628308503083,1628308503257,1628308503428,1628308503588,1628308505396,1628308505520,1628308505715,1628308505912,1628308506081,1628308507737,1628308507892,1628308508078,1628308508252,1628308508397,1628308510155,1628308510259,1628308510449,1628308510644,1628308510785,1628308512626,1628308512782,1628308512971,1628308513157,1628308513307
riya,4,,1628311315665,1628311315845,1628311316055,1628311316216,1628311317626,1628311317786,1628311317976,1628311318136,1628311320485,1628311320608,1628311320799,1628311320935,1628311322404,1628311322545,1628311322745,1628311322890,1628311324637,1628311324757,1628311324942,1628311325076,1628311326723,1628311326863,1628311327038,1628311327193
may,3,,1628311524445,1628311524630,1628311524715,1628311526721,1628311526856,1628311526942,1628311528563,1628311528713,1628311528778,1628311530356,1628311530510,1628311530583,1628311534332,1628311534492,1628311534548,1628311536293,1628311536445,1628311536510
